{
  "M1_N2": 0.012223807736658134,
  "M4_N2": 0.03684154848181752,
  "M16_N2": 0.070051307528181,
  "M64_N2": 0.07065581764421754,
  "M256_N2": 0.07080154358938387,
  "M1_N4": 0.007872648233350769,
  "M4_N4": 0.020312251683338924,
  "M16_N4": 0.036934509696138484,
  "M64_N4": 0.03735334441207367,
  "M256_N4": 0.03753000328005864,
  "M1_N8": 0.010727457678109243,
  "M4_N8": 0.03208129296049667,
  "M16_N8": 0.060608517740966136,
  "M64_N8": 0.061749927637927166,
  "M256_N8": 0.06192173247710486,
  "M1_N16": 0.01666872614486651,
  "M4_N16": 0.05606823495030403,
  "M16_N16": 0.10915661566701089,
  "M64_N16": 0.11002277283731735,
  "M256_N16": 0.11006525769920611,
  "M1_N32": 0.02598854081010777,
  "M4_N32": 0.09352856628165758,
  "M16_N32": 0.18408668988250654,
  "M64_N32": 0.18507824669214062,
  "M256_N32": 0.18557369786730699
}