{
  "C512_M1": 0.03570960015058518,
  "C512_M16": 0.03713627779840404,
  "C512_M64": 0.037096512556873434,
  "C512_M256": 0.036523523577410566,
  "C512_M1024": 0.037430695356033085,
  "C1024_M1": 0.040965919430630326,
  "C1024_M16": 0.04120023449537166,
  "C1024_M64": 0.041908512616420084,
  "C1024_M256": 0.04208129637514345,
  "C1024_M1024": 0.04263578827113273,
  "C4096_M1": 0.07908020972491739,
  "C4096_M16": 0.07939961555215955,
  "C4096_M64": 0.0819105458700046,
  "C4096_M256": 0.07932903854367888,
  "C4096_M1024": 0.07631636057306544
}