{
  "C512_M1": 0.06993834645702289,
  "C512_M16": 0.08096538025156125,
  "C512_M64": 0.0796435685279969,
  "C512_M256": 0.07966643974005458,
  "C512_M1024": 0.03733742432527696,
  "C1024_M1": 0.07927972872326844,
  "C1024_M16": 0.08022920314509135,
  "C1024_M64": 0.07998253264161477,
  "C1024_M256": 0.07933776517669985,
  "C1024_M1024": 0.058735351786017416,
  "C4096_M1": 0.10082938939997507,
  "C4096_M16": 0.10143602729048516,
  "C4096_M64": 0.18487929806714634,
  "C4096_M256": 0.18901947637399039,
  "C4096_M1024": 0.18521772054738778
}