{
  "C512_M1": 0.02435052014887333,
  "C512_M16": 0.03630424259826601,
  "C512_M64": 0.03463307743020331,
  "C512_M256": 0.03493535554326781,
  "C512_M1024": 0.03577700654411169,
  "C1024_M1": 0.0347742933717345,
  "C1024_M16": 0.03447846515237675,
  "C1024_M64": 0.03464271827945358,
  "C1024_M256": 0.03871601589504113,
  "C1024_M1024": 0.03538798696228436,
  "C4096_M1": 0.07735807420135511,
  "C4096_M16": 0.0773417734688966,
  "C4096_M64": 0.07755210592708324,
  "C4096_M256": 0.08057094581915021,
  "C4096_M1024": 0.07461693688952428
}