{
  "M1_N2": 0.012269879989326,
  "M4_N2": 0.012034559997089992,
  "M16_N2": 0.012285651360801564,
  "M64_N2": 0.012339011021574513,
  "M256_N2": 0.01276605518743533,
  "M1_N4": 0.007882980560661066,
  "M4_N4": 0.007902121887646215,
  "M16_N4": 0.008051457003018929,
  "M64_N4": 0.008134464917319948,
  "M256_N4": 0.008358894963748753,
  "M1_N8": 0.010764423177167732,
  "M4_N8": 0.010785355868086991,
  "M16_N8": 0.011028765938694082,
  "M64_N8": 0.011125553850303938,
  "M256_N8": 0.011437414233355571,
  "M1_N16": 0.01674017617077486,
  "M4_N16": 0.017116286680563683,
  "M16_N16": 0.01743009422054167,
  "M64_N16": 0.017464382619257854,
  "M256_N16": 0.017790107681443124,
  "M1_N32": 0.025734823642654482,
  "M4_N32": 0.026039079821080533,
  "M16_N32": 0.026528679613601155,
  "M64_N32": 0.02662783180675602,
  "M256_N32": 0.02703444196669386
}